0,https://live.staticflickr.com/5495/11665007366_bfc2c76042_o.jpg
1,https://live.staticflickr.com/7205/6810838424_3ae359bfdf_o.jpg
2,https://live.staticflickr.com/1439/1316444989_ac25e50044_o.jpg
3,https://live.staticflickr.com/1186/559113465_5152b11861_o.jpg
4,https://live.staticflickr.com/3009/3050571420_c0b964273c_o.jpg
5,https://live.staticflickr.com/4527/24925078488_37ac085e66_o.jpg
6,https://live.staticflickr.com/5653/22122913960_8457c1fc97_o.jpg
7,https://live.staticflickr.com/7308/8755981502_c4b12bd37c_o.jpg
8,https://live.staticflickr.com/3001/2776495034_6ca52a57f0_o.jpg
9,
10,
11,
12,https://live.staticflickr.com/1690/24310502551_59d7745005_o.jpg
13,https://live.staticflickr.com/8361/28660252976_39e59e6eed_o.jpg
14,
15,https://live.staticflickr.com/5297/5406756671_d4a8642306_o.jpg
16,https://live.staticflickr.com/5287/5317031567_693029e8c6_o.jpg
17,https://live.staticflickr.com/2450/3665266741_7b270f20b2_o.jpg
18,
19,
20,https://live.staticflickr.com/3171/2701251198_5d44355d9b_o.jpg
21,https://live.staticflickr.com/5016/5424210048_45d1b756bc_o.jpg
22,https://live.staticflickr.com/5098/5423605441_ef5e30a722_o.jpg
23,https://live.staticflickr.com/5094/5423611583_cccb66cd0b_o.jpg
24,
25,https://live.staticflickr.com/7184/6919358017_c16d8f6b78_o.jpg
26,https://live.staticflickr.com/3/5019984_76ffd411e1_o.jpg
27,https://live.staticflickr.com/3171/2601885140_a0d6b83165_o.jpg
28,https://live.staticflickr.com/7427/28259762685_b7e0ec3e91_o.jpg
29,
30,
31,
32,https://live.staticflickr.com/2844/9256413155_535d3db5fd_o.jpg
33,https://live.staticflickr.com/8870/28660257066_1cbfb62903_o.jpg
34,
35,
36,https://live.staticflickr.com/3915/14774091866_8c4c4391d5_o.jpg
37,https://live.staticflickr.com/8178/28076469013_d500b5bb1b_o.jpg
38,https://live.staticflickr.com/6189/6119481379_ec476359cb_o.jpg
39,https://live.staticflickr.com/3311/3486130285_7365f99cf6_o.jpg
40,https://live.staticflickr.com/2304/2159799300_4fa867f67e_o.jpg
41,https://live.staticflickr.com/7639/28259756255_783c633651_o.jpg
42,
43,
44,https://live.staticflickr.com/4060/4540946498_d63c3ff2c0_o.jpg
45,https://live.staticflickr.com/3545/3464567865_af9eab15e8_o.jpg
46,https://live.staticflickr.com/8729/28660060986_fb09b1e404_o.jpg
47,https://live.staticflickr.com/8614/28076307293_327826220a_o.jpg
48,
49,https://live.staticflickr.com/6090/6116113966_80406d0e7a_o.jpg
50,
51,
52,
53,
54,
55,https://live.staticflickr.com/8894/28407884590_0a9bf43914_o.jpg
56,https://live.staticflickr.com/7736/28586513962_2bc6704b52_o.jpg
57,
58,
59,https://live.staticflickr.com/6066/6115571613_3fa8b15c19_o.jpg
60,
61,https://live.staticflickr.com/4002/4328630206_89b9529fd5_o.jpg
62,https://live.staticflickr.com/962/41740281352_2f5a1c68aa_o.jpg
63,
64,https://live.staticflickr.com/1537/24952307982_f5ac413295_o.jpg
65,https://live.staticflickr.com/8795/28259759875_5ea2d865ac_o.jpg
66,
67,
68,https://live.staticflickr.com/2900/14558281848_7a2f5e0c30_o.jpg
69,https://live.staticflickr.com/3799/18351814584_e55292a6c3_o.jpg
70,
71,https://live.staticflickr.com/8596/28225679776_e6c2980b89_o.jpg
72,
73,https://live.staticflickr.com/5042/5364527078_4f4c38d860_o.jpg
74,https://live.staticflickr.com/8648/28225684386_f951bbc8b4_o.jpg
75,https://live.staticflickr.com/3886/14557674918_572010f839_o.jpg
76,https://live.staticflickr.com/3237/2409818944_5d1c6c8149_o.jpg
77,https://live.staticflickr.com/3886/14557384650_772f058f50_o.jpg
78,https://live.staticflickr.com/7522/15704897079_db6bf756d4_o.jpg
79,https://live.staticflickr.com/7568/15888941861_c5fe988493_o.jpg
80,https://live.staticflickr.com/7465/15703431338_9c599c1249_o.jpg
81,
82,https://live.staticflickr.com/3489/3721643763_f308a95c5f_o.jpg
83,https://live.staticflickr.com/7564/15703637750_748ddb4315_o.jpg
84,https://live.staticflickr.com/5577/14741144991_af45ecaa01_o.jpg
85,https://live.staticflickr.com/2189/2413804498_caa56f95d6_o.jpg
86,https://live.staticflickr.com/3295/2379812150_ddb7204647_o.jpg
87,https://live.staticflickr.com/7502/15705163897_5a10bfbe04_o.jpg
88,https://live.staticflickr.com/2622/3721643477_2856091075_o.jpg
89,https://live.staticflickr.com/5579/14557856818_cb4a442e5f_o.jpg
90,https://live.staticflickr.com/3895/14721330586_3b6f0478be_o.jpg
91,https://live.staticflickr.com/3835/14743834272_794875b240_o.jpg
92,https://live.staticflickr.com/5587/14764678883_5613f56708_o.jpg
93,https://live.staticflickr.com/5591/14744006342_ddf2587860_o.jpg
94,https://live.staticflickr.com/5130/5363991875_4b338b47e1_o.jpg
95,https://live.staticflickr.com/2323/2327101714_eb1beccc71_o.jpg
96,
97,https://live.staticflickr.com/3917/14741648651_110bb4383c_o.jpg
98,https://live.staticflickr.com/3332/3438542926_d84eef8ec4_o.jpg
99,https://live.staticflickr.com/3495/3214354700_51e80fc368_o.jpg
100,
101,https://live.staticflickr.com/4038/4254121121_55b40cbeb0_o.png
102,https://live.staticflickr.com/2906/14557566379_2b09d57c04_o.jpg
103,https://live.staticflickr.com/2935/14721566656_5112a32a84_o.jpg
104,https://live.staticflickr.com/5572/14741159981_fc7260780b_o.jpg
105,
106,
107,https://live.staticflickr.com/3156/2381796867_43438f6e2b_o.jpg
108,https://live.staticflickr.com/2919/14741944574_173cae1e83_o.jpg
109,https://live.staticflickr.com/3866/14763918573_86a092896d_o.jpg
110,https://live.staticflickr.com/3919/14558154547_7d0142b173_o.jpg
111,https://live.staticflickr.com/3904/14557736809_b3d7bfe89e_o.jpg
112,https://live.staticflickr.com/3853/14764123113_7b6b309dc7_o.jpg
113,
114,https://live.staticflickr.com/5577/14721911336_eb0be036e7_o.jpg
115,https://live.staticflickr.com/3886/14557816839_2ed99a3837_o.jpg
116,https://live.staticflickr.com/5568/14558265077_790294bb9a_o.jpg
117,https://live.staticflickr.com/5570/14557988770_c8ffb6583d_o.jpg
118,https://live.staticflickr.com/3883/14721384406_91e4418d0e_o.jpg
119,https://live.staticflickr.com/3452/3706555171_5354059f0d_o.jpg
120,https://live.staticflickr.com/3887/14744494225_76ff1a9602_o.jpg
121,https://live.staticflickr.com/3895/14557731439_3fb765ce20_o.jpg
122,https://live.staticflickr.com/3905/14557684950_a651b6a59e_o.jpg
123,https://live.staticflickr.com/3897/14741054531_1e96493d9e_o.jpg
124,https://live.staticflickr.com/603/22107797388_26214d7633_o.jpg
125,https://live.staticflickr.com/5571/14558057420_dc761b260d_o.jpg
126,https://live.staticflickr.com/2902/14744338825_ee0e1394fd_o.jpg
127,https://live.staticflickr.com/2898/14764126263_edc39b3749_o.jpg
128,https://live.staticflickr.com/5562/14741678754_7f61ee9358_o.jpg
129,https://live.staticflickr.com/7483/15268662434_fcea08b266_o.jpg
130,https://live.staticflickr.com/8592/15865117786_8b7e28627b_o.jpg
131,https://live.staticflickr.com/7572/15271293193_d6f9717f58_o.jpg
132,https://live.staticflickr.com/7496/15268662334_4f0d733abd_o.jpg
133,https://live.staticflickr.com/3871/14764100703_133b86bd64_o.jpg
134,
135,https://live.staticflickr.com/7556/15271292673_5dd938668a_o.jpg
136,https://live.staticflickr.com/7463/15705163427_8d17cdff85_o.jpg
137,https://live.staticflickr.com/7574/15703432478_92765c3168_o.jpg
138,https://live.staticflickr.com/5561/14558472717_19f0539b71_o.jpg
139,https://live.staticflickr.com/2932/14558390877_8d3b7c7a43_o.jpg
140,https://live.staticflickr.com/5559/14558237457_b3a2450a07_o.jpg
141,https://live.staticflickr.com/2900/14744289035_12a576cecd_o.jpg
142,https://live.staticflickr.com/2919/14557822347_fc98669871_o.jpg
143,https://live.staticflickr.com/608/22174053256_8265baa6ce_o.jpg
144,https://live.staticflickr.com/8575/15890930165_b667ac4ea2_o.jpg
145,https://live.staticflickr.com/3916/14744657162_2a3b9edbac_o.jpg
146,https://live.staticflickr.com/3916/14742479164_3c79d9537e_o.jpg
147,https://live.staticflickr.com/3854/14557903877_bcab6f327b_o.jpg
148,https://live.staticflickr.com/2525/3707371194_fe6033f45d_o.jpg
149,https://live.staticflickr.com/2930/14764723973_1f79a0e0da_o.jpg
150,https://live.staticflickr.com/5562/14558215349_3574d31e15_o.jpg
151,https://live.staticflickr.com/3905/14558195138_3f323e609b_o.jpg
152,https://live.staticflickr.com/5562/14764471923_ab4a30186f_o.jpg
153,https://live.staticflickr.com/3899/14557747310_410128e860_o.jpg
154,https://live.staticflickr.com/3904/14764261033_63f9c26d61_o.jpg
155,https://live.staticflickr.com/3848/14557933117_b87ae22f12_o.jpg
156,https://live.staticflickr.com/3922/14557650978_b7e0220b1d_o.jpg
157,https://live.staticflickr.com/2895/14744258015_4ecb1b6424_o.jpg
158,https://live.staticflickr.com/5557/14764089093_4c991c2a5e_o.jpg
159,https://live.staticflickr.com/5568/14721885786_c06cf5e37e_o.jpg
160,https://live.staticflickr.com/2899/14742332814_d050047f62_o.jpg
161,https://live.staticflickr.com/5572/14741306541_2ef01b39ba_o.jpg
162,https://live.staticflickr.com/3878/14557736280_c2033bd3cc_o.jpg
163,https://live.staticflickr.com/3908/14557716580_972dec1e87_o.jpg
164,https://live.staticflickr.com/3848/14744070482_863773ab2b_o.jpg
165,https://live.staticflickr.com/3920/14744345605_1dec74ff1b_o.jpg
166,https://live.staticflickr.com/2908/14721315886_30eb4b9e8c_o.jpg
167,https://live.staticflickr.com/3854/14557848387_6c93a75443_o.jpg
168,https://live.staticflickr.com/5558/14741103581_596861d36a_o.jpg
169,https://live.staticflickr.com/3847/14764137613_e46c9e9f5c_o.jpg
170,https://live.staticflickr.com/3879/14744266905_07e6c125c2_o.jpg
171,https://live.staticflickr.com/2897/14721247286_85243cb7d6_o.jpg
172,https://live.staticflickr.com/2926/14557603149_2edc9d7e29_o.jpg
173,https://live.staticflickr.com/5590/14557481909_ce9d2a4f0c_o.jpg
174,https://live.staticflickr.com/2935/14741723234_09b975dc64_o.jpg
175,https://live.staticflickr.com/2904/14743787252_a73ef454bf_o.jpg
176,https://live.staticflickr.com/5588/14741701964_f0ddee24ae_o.jpg
177,https://live.staticflickr.com/5555/14557585837_53d385bce1_o.jpg
178,https://live.staticflickr.com/3018/2326585870_6699546fff_o.jpg
179,https://live.staticflickr.com/3850/14558238890_e915b8ff9f_o.jpg
180,https://live.staticflickr.com/5551/14744818105_4c9b24a9c7_o.jpg
181,https://live.staticflickr.com/3911/14558009979_3b2bbde1c6_o.jpg
182,https://live.staticflickr.com/5592/14558025327_7ff9e19599_o.jpg
183,https://live.staticflickr.com/2900/14557710269_56d6916242_o.jpg
184,https://live.staticflickr.com/2928/14764155073_8fbdc36aef_o.jpg
185,https://live.staticflickr.com/3921/14743963552_dcd0d4065c_o.jpg
186,https://live.staticflickr.com/5560/14743910222_ebc5987ffd_o.jpg
187,https://live.staticflickr.com/3873/14744184185_7fe193f409_o.jpg
188,https://live.staticflickr.com/2912/14743840192_77b18d4ae9_o.jpg
189,https://live.staticflickr.com/3867/14721107606_00785617cd_o.jpg
190,https://live.staticflickr.com/2898/14557463829_21cfaabbbf_o.jpg
191,https://live.staticflickr.com/3883/14763950983_5907c32d9f_o.jpg
192,https://live.staticflickr.com/7477/15271292993_a7e383cc17_o.jpg
193,https://live.staticflickr.com/2518/3795612329_08a19eda0c_o.gif
194,https://live.staticflickr.com/3876/14558214628_7ecb25e92a_o.jpg
195,https://live.staticflickr.com/3866/14558255178_587f4dca82_o.jpg
196,https://live.staticflickr.com/2913/14558204888_4daae45164_o.jpg
197,https://live.staticflickr.com/3876/14557971427_52b250c6cb_o.jpg
198,https://live.staticflickr.com/3915/14557907697_fed062c233_o.jpg
199,https://live.staticflickr.com/3875/14744222495_bffe6b5c7f_o.jpg
200,
201,https://live.staticflickr.com/5559/14557419068_f3c98abd1c_o.jpg
202,https://live.staticflickr.com/3895/14744471382_575869ee06_o.jpg
203,https://live.staticflickr.com/3918/14721670596_ba5f005789_o.jpg
204,https://live.staticflickr.com/2910/14558207777_393390863e_o.jpg
205,https://live.staticflickr.com/2928/14741491241_8f5305de8b_o.jpg
206,https://live.staticflickr.com/3867/14742282434_47cb6e7744_o.jpg
207,https://live.staticflickr.com/2927/14557966070_28f10f3c6a_o.jpg
208,https://live.staticflickr.com/3872/14742138014_dc150cc744_o.jpg
209,https://live.staticflickr.com/5562/14557929867_2c1eeab3d6_o.jpg
210,https://live.staticflickr.com/2041/2382624092_689b0f3e4f_o.jpg
211,https://live.staticflickr.com/2915/14558267260_7dde424dd1_o.jpg
212,https://live.staticflickr.com/5568/14742575194_85f901533e_o.jpg
213,https://live.staticflickr.com/5576/14744893735_7abc4d1908_o.jpg
214,https://live.staticflickr.com/3841/14558253389_6dc3b94218_o.jpg
215,https://live.staticflickr.com/5561/14558146838_5c8d3a5398_o.jpg
216,https://live.staticflickr.com/3925/14558003310_0b8ee48ef3_o.jpg
217,https://live.staticflickr.com/5588/14744270895_4876ee6f80_o.jpg
218,https://live.staticflickr.com/3869/14557540159_7a5323e488_o.jpg
219,https://live.staticflickr.com/3891/14557426100_6c8140a6c2_o.jpg
220,https://live.staticflickr.com/5589/14557435829_9dabe5c12c_o.jpg
221,https://live.staticflickr.com/2028/2326289471_36d8c0f057_o.jpg
222,https://live.staticflickr.com/2895/14744547672_fec46c7b53_o.jpg
223,https://live.staticflickr.com/3862/14764663013_6819e8338e_o.jpg
224,https://live.staticflickr.com/5572/14741515721_d7da800a73_o.jpg
225,https://live.staticflickr.com/5586/14557974728_2c66281f34_o.jpg
226,https://live.staticflickr.com/2913/14742239894_07a315e2ae_o.jpg
227,https://live.staticflickr.com/5595/14558110707_9a1eb61193_o.jpg
228,https://live.staticflickr.com/2907/14744182722_d8f97b6dbe_o.jpg
229,https://live.staticflickr.com/5554/14557775379_0285f0b78a_o.jpg
230,https://live.staticflickr.com/2929/14557543210_b9c26cbb65_o.jpg
231,https://live.staticflickr.com/5554/14740978881_8a9516872e_o.jpg
232,https://live.staticflickr.com/3907/14744136695_4005560c76_o.jpg
233,https://live.staticflickr.com/2911/14557827849_fc95cb74a0_o.jpg
234,https://live.staticflickr.com/3899/14558417630_7ddd55fcbc_o.jpg
235,https://live.staticflickr.com/5594/14558489577_49ce25fd3d_o.jpg
236,https://live.staticflickr.com/3908/14741746931_e1831d3275_o.jpg
237,https://live.staticflickr.com/5574/14558246870_c1022d7b4d_o.jpg
238,https://live.staticflickr.com/2926/14558446127_dc4e9b4ea5_o.jpg
239,https://live.staticflickr.com/2927/14744476722_ee54a04ac5_o.jpg
240,https://live.staticflickr.com/5594/14558246397_3124653144_o.jpg
241,https://live.staticflickr.com/3883/14744703755_dc63412059_o.jpg
242,https://live.staticflickr.com/5557/14558002238_167237001f_o.jpg
243,https://live.staticflickr.com/2902/14557884088_b413c419b9_o.jpg
244,https://live.staticflickr.com/5568/14557872518_2496065f76_o.jpg
245,https://live.staticflickr.com/2901/14742084264_12c7525276_o.jpg
246,https://live.staticflickr.com/2916/14744406035_c35624d679_o.jpg
247,https://live.staticflickr.com/3882/14557611679_81eec1985f_o.jpg
248,https://live.staticflickr.com/3865/14740936821_6a5438c350_o.jpg
249,https://live.staticflickr.com/1392/5117231809_e42f16ffd0_o.jpg
250,https://live.staticflickr.com/3844/14558253390_50aef3d0d0_o.jpg
251,https://live.staticflickr.com/5586/14744896675_8aa4ab25c9_o.jpg
252,https://live.staticflickr.com/5563/14764693453_ea2533b682_o.jpg
253,https://live.staticflickr.com/3875/14742324244_34acf3910f_o.jpg
254,https://live.staticflickr.com/3866/14741872854_138a73cdc4_o.jpg
255,https://live.staticflickr.com/3859/14557534239_fbdb446597_o.jpg
256,https://live.staticflickr.com/2936/14740984391_bbcfd41bb3_o.jpg
257,https://live.staticflickr.com/2915/14764010983_eb15271dd2_o.jpg
258,https://live.staticflickr.com/3917/14742554264_86520d2f6c_o.jpg
259,https://live.staticflickr.com/3853/14744900135_b6515b752b_o.jpg
260,https://live.staticflickr.com/2900/14721870866_c94221313f_o.jpg
261,https://live.staticflickr.com/3841/14721806586_d3782bcb57_o.jpg
262,https://live.staticflickr.com/5592/14744495802_ed44e82347_o.jpg
263,https://live.staticflickr.com/5553/14764572073_9cd9ccfe3c_o.jpg
264,https://live.staticflickr.com/3846/14764494383_6cb527cfa1_o.jpg
265,https://live.staticflickr.com/2936/14744540525_7fd6f72aea_o.jpg
266,https://live.staticflickr.com/3887/14741288641_2c4c648590_o.jpg
267,https://live.staticflickr.com/5589/14743927832_69d9856e76_o.jpg
268,https://live.staticflickr.com/2920/14557525420_b17b7d9387_o.jpg
269,
270,https://live.staticflickr.com/3862/14764743053_9f28aec670_o.jpg
271,https://live.staticflickr.com/3904/14764736533_0923a57b95_o.jpg
272,https://live.staticflickr.com/5558/14764720873_b7eba3055f_o.jpg
273,https://live.staticflickr.com/5552/14741669201_fcecc01c3a_o.jpg
274,https://live.staticflickr.com/3923/14744535472_4bdbfc2f82_o.jpg
275,https://live.staticflickr.com/3912/14721733636_9b333d653f_o.jpg
276,https://live.staticflickr.com/5588/14558072808_ef152f2c69_o.jpg
277,https://live.staticflickr.com/2936/14744425332_11c6a8394b_o.jpg
278,https://live.staticflickr.com/3891/14741506951_e6c3da40c6_o.jpg
279,https://live.staticflickr.com/3866/14744260592_3e53580f01_o.jpg
280,https://live.staticflickr.com/5552/14744236692_14a6d56b2d_o.jpg
281,https://live.staticflickr.com/3886/14741337891_31db7741cb_o.jpg
282,https://live.staticflickr.com/2918/14557810999_f00f783cb9_o.jpg
283,https://live.staticflickr.com/5568/14744439145_a23a41b1f6_o.jpg
284,https://live.staticflickr.com/2897/14721428106_eeb7a8b4e5_o.jpg
285,https://live.staticflickr.com/3917/14557529549_2a962b7259_o.jpg
286,https://live.staticflickr.com/5595/14557492848_36d23667c4_o.jpg
287,https://live.staticflickr.com/3887/14744876885_8e66692462_o.jpg
288,https://live.staticflickr.com/3882/14742469094_91622975f4_o.jpg
289,https://live.staticflickr.com/3888/14741653631_90d921726c_o.jpg
290,https://live.staticflickr.com/5575/14558141350_d576223afd_o.jpg
291,https://live.staticflickr.com/3915/14721748026_b426523450_o.jpg
292,https://live.staticflickr.com/3857/14741545141_90776e6e8d_o.jpg
293,https://live.staticflickr.com/3886/14744367102_17e600fa73_o.jpg
294,https://live.staticflickr.com/2919/14557907759_2c8cc0f91c_o.jpg
295,https://live.staticflickr.com/3914/14558304998_fa5cc04e75_o.jpg
296,https://live.staticflickr.com/5560/14558274988_1f1af41c16_o.jpg
297,https://live.staticflickr.com/5558/14558230539_b8de9e5edf_o.jpg
298,https://live.staticflickr.com/2924/14558118109_b70c5335d2_o.jpg
299,https://live.staticflickr.com/3850/14764422393_cbe1a51456_o.jpg
300,
301,
302,https://live.staticflickr.com/2620/3722447616_5ca4fbc117_o.jpg
303,https://live.staticflickr.com/3199/3722438986_599113e0d0_o.jpg
304,https://live.staticflickr.com/3422/3722432030_1455fa0f20_o.jpg
305,https://live.staticflickr.com/2488/3721627191_43c2be08a0_o.jpg
306,https://live.staticflickr.com/3498/3721629263_37b6ffe7b0_o.jpg
307,https://live.staticflickr.com/3087/3721641827_e96e56fe39_o.jpg
308,https://live.staticflickr.com/2615/3722449896_eedbe9e29a_o.jpg
309,https://live.staticflickr.com/2626/3721627883_b13ea1c6a0_o.jpg
310,
311,https://live.staticflickr.com/3495/3721636535_f6ebc43287_o.jpg
312,https://live.staticflickr.com/2530/3721627487_26170cbe76_o.jpg
313,https://live.staticflickr.com/2203/2362777953_27c6f0bca9_o.jpg
314,https://live.staticflickr.com/3877/14742232694_ee9e0d720b_o.jpg
315,https://live.staticflickr.com/3914/14744225322_38899b38f8_o.jpg
316,
317,https://live.staticflickr.com/2911/14742430754_67e5b8d3f9_o.jpg
318,https://live.staticflickr.com/2939/14558142939_445ecf2938_o.jpg
319,https://live.staticflickr.com/5576/14742412894_10e5fc9167_o.jpg
320,https://live.staticflickr.com/3917/14741431741_d93779c6d2_o.jpg
321,https://live.staticflickr.com/5590/14721587696_4113bba32e_o.jpg
322,https://live.staticflickr.com/3843/14557957470_24c73ba051_o.jpg
323,https://live.staticflickr.com/3921/14558103089_597a838376_o.jpg
324,https://live.staticflickr.com/5578/14557932938_ddf7df1a69_o.jpg
325,https://live.staticflickr.com/3872/14744578075_de905bae81_o.jpg
326,https://live.staticflickr.com/2240/2254686802_553b96496a_o.jpg
327,https://live.staticflickr.com/5558/14742385044_5400266c46_o.jpg
328,https://live.staticflickr.com/2899/14744331582_ffab324085_o.jpg
329,https://live.staticflickr.com/7467/15890281842_0818e153b7_o.jpg
330,https://live.staticflickr.com/3117/2363608794_b52606e9d2_o.jpg
331,https://live.staticflickr.com/3730/12800358484_c10d0a8ee0_o.jpg
332,https://live.staticflickr.com/5592/14557905078_5b9cb8737f_o.jpg
333,https://live.staticflickr.com/2106/2400508087_5cb65991cb_o.jpg
334,https://live.staticflickr.com/2148/2363616586_6224034c8a_o.jpg
335,
336,https://live.staticflickr.com/3161/2379852258_49aa04b1fa_o.jpg
337,https://live.staticflickr.com/2403/2378982331_5f83166bdb_o.jpg
338,https://live.staticflickr.com/2224/2363605384_5d322ab395_o.jpg
339,https://live.staticflickr.com/2237/2327102096_910c508450_o.jpg
340,
341,https://live.staticflickr.com/3193/2924393612_e3b7fa925d_o.jpg
342,https://live.staticflickr.com/411/18893184853_b097f53f24_o.jpg
343,https://live.staticflickr.com/3178/2326289801_b8f73dd681_o.jpg
344,https://live.staticflickr.com/3206/2923541895_214e7fbcd0_o.jpg
345,https://live.staticflickr.com/2112/2327102304_45c2e017d1_o.jpg
346,https://live.staticflickr.com/2245/2326288413_c546b27ff2_o.jpg
347,
348,https://live.staticflickr.com/4027/4294196215_bcd7568d69_o.jpg
349,https://live.staticflickr.com/2308/2362768919_af3e3dd075_o.jpg
350,https://live.staticflickr.com/2435/3721638215_a0f1bc8537_o.jpg
351,
352,https://live.staticflickr.com/2506/3721620819_f38693f15b_o.jpg
353,https://live.staticflickr.com/2625/3721621193_5b8bf03b73_o.jpg
354,https://live.staticflickr.com/2442/3721620425_78ee4d5f7c_o.jpg
355,https://live.staticflickr.com/2612/3721631607_0be9fe6467_o.jpg
356,https://live.staticflickr.com/2523/3722446874_d5e608afc6_o.jpg
357,https://live.staticflickr.com/3516/3721630635_6c0013bcfb_o.jpg
358,https://live.staticflickr.com/7868/40253931533_5bbd9665ec_o.jpg
359,
360,
361,https://live.staticflickr.com/2282/2381791889_1e7133cdab_o.jpg
362,https://live.staticflickr.com/2235/2326586006_1a95f1a4d2_o.jpg
363,https://live.staticflickr.com/229/495331918_d95772ba9e_o.jpg
364,https://live.staticflickr.com/2313/2362781693_dca15348b8_o.jpg
365,https://live.staticflickr.com/4026/4294196615_cb4f7093e4_o.jpg
366,https://live.staticflickr.com/2786/4294939272_27db4f89a8_o.jpg
367,https://live.staticflickr.com/3507/3722438516_77dde31cd1_o.jpg
368,https://live.staticflickr.com/2593/3722445324_6bdf678759_o.jpg
369,https://live.staticflickr.com/4037/4294194863_1defbcdf4e_o.jpg
370,https://live.staticflickr.com/3639/3721635585_18c60ba427_o.jpg
371,https://live.staticflickr.com/2483/3721618255_6bf3f12cfb_o.jpg
372,https://live.staticflickr.com/3436/3721626857_f138f7c184_o.jpg
373,https://live.staticflickr.com/3436/3721633393_058d167e4e_o.jpg
374,https://live.staticflickr.com/3511/3722448792_4b9f7d24e9_o.jpg
375,https://live.staticflickr.com/2519/3722444976_b0a9d2eef5_o.jpg
376,https://live.staticflickr.com/2615/3721634465_24d417cd92_o.jpg
377,https://live.staticflickr.com/3471/3722444634_6b3ecbde8c_o.jpg
378,https://live.staticflickr.com/3464/3721644071_a2e4aab2a4_o.jpg
379,https://live.staticflickr.com/2564/3721635253_440ace5254_o.jpg
380,https://live.staticflickr.com/2530/3721620065_bfd606fe91_o.jpg
381,https://live.staticflickr.com/2633/3722454478_549bf9206f_o.jpg
382,https://live.staticflickr.com/3293/3722437142_270ce4040f_o.jpg
383,https://live.staticflickr.com/2581/3722445804_1dea9d8b4d_o.jpg
384,https://live.staticflickr.com/2468/3722442888_4c44217221_o.jpg
385,https://live.staticflickr.com/3480/3721631223_80c1115f7d_o.jpg
386,https://live.staticflickr.com/2650/3722447900_cdc2eba62c_o.jpg
387,https://live.staticflickr.com/3484/3722436428_26d93ba39f_o.jpg
388,https://live.staticflickr.com/77/174658948_16523c269e_o.jpg
389,https://live.staticflickr.com/2450/3721624085_d9aec2f7fa_o.jpg
390,https://live.staticflickr.com/2604/3721640849_75724819b1_o.jpg
391,https://live.staticflickr.com/3460/3722443584_3ddecb530f_o.jpg
392,https://live.staticflickr.com/2536/3721639297_f0cee2e4e9_o.jpg
393,https://live.staticflickr.com/2671/3722450276_b2e4fafdb2_o.jpg
394,https://live.staticflickr.com/2497/3721641039_d832313ea8_o.jpg
395,https://live.staticflickr.com/3470/3721637763_7372f60ecd_o.jpg
396,https://live.staticflickr.com/2443/3722442474_b7ee6710fe_o.jpg
397,https://live.staticflickr.com/2664/3721628911_66dda314a2_o.jpg
398,https://live.staticflickr.com/2269/2327104200_5984932f0c_o.jpg
399,https://live.staticflickr.com/3525/3721628587_fe47a09902_o.jpg
400,https://live.staticflickr.com/4206/35839889635_6669f0c523_o.jpg
401,https://live.staticflickr.com/3283/2770800543_e0e8522a19_o.jpg
402,https://live.staticflickr.com/7894/47570480351_44365b4931_o.jpg
403,https://live.staticflickr.com/1023/928278278_b883d01c9a_o.jpg
404,
405,https://live.staticflickr.com/7448/16493860095_6b2e34a52a_o.jpg
406,https://live.staticflickr.com/1494/24630076792_587cefa128_o.jpg
407,
408,https://live.staticflickr.com/3436/3721642265_c422e4878f_o.jpg
409,https://live.staticflickr.com/2435/3722437478_477bfa5d75_o.jpg
410,https://live.staticflickr.com/2630/3721628225_17fbef2260_o.jpg
411,https://live.staticflickr.com/2570/3721622113_36ecdbf7ce_o.jpg
412,https://live.staticflickr.com/2613/3722452098_1a364431e7_o.jpg
413,https://live.staticflickr.com/3631/3722430896_0afb49a7da_o.jpg
414,https://live.staticflickr.com/2592/3722446602_e3d141f730_o.jpg
415,https://live.staticflickr.com/2459/3722434020_86616c6e12_o.jpg
416,https://live.staticflickr.com/2626/3721639989_d20f25093b_o.jpg
417,https://live.staticflickr.com/2563/3722452802_3aea099806_o.jpg
418,https://live.staticflickr.com/2632/3721638649_ea1b69c636_o.jpg
419,https://live.staticflickr.com/3146/2718040580_273f31fa1f_o.jpg
420,https://live.staticflickr.com/2563/3722453440_5cffcbb334_o.jpg
421,https://live.staticflickr.com/2642/3722434328_8979f92b71_o.jpg
422,https://live.staticflickr.com/6042/6336993218_1821755e6a_o.jpg
423,https://live.staticflickr.com/4002/4670461184_c4a796de94_o.jpg
424,https://live.staticflickr.com/2302/1643633117_7c396ed384_o.jpg
425,https://live.staticflickr.com/3026/2404035408_89d60b3edf_o.jpg
426,
427,https://live.staticflickr.com/3653/3492622233_ae46012522_o.jpg
428,
429,https://live.staticflickr.com/2085/2325767283_6d89b9387b_o.jpg
430,https://live.staticflickr.com/75/174659073_973bfb5fb9_o.jpg
431,https://live.staticflickr.com/53/174659804_4cc2c0d961_o.jpg
432,
433,https://live.staticflickr.com/3143/3722438038_86e0b18778_o.jpg
434,https://live.staticflickr.com/2634/3721626539_65a50652ed_o.jpg
435,https://live.staticflickr.com/915/43116982791_b16bf42bcc_o.jpg
436,
437,https://live.staticflickr.com/2495/3721643119_008a5ee218_o.jpg
438,https://live.staticflickr.com/2499/3722455742_99f74b6925_o.jpg
439,https://live.staticflickr.com/3493/3721636233_1aaf5a2e94_o.jpg
440,https://live.staticflickr.com/7498/15426390203_4d7e55fa1a_o.jpg
441,https://live.staticflickr.com/4124/4836190754_3e4254e48c_o.jpg
442,https://live.staticflickr.com/5733/21439417295_876516b74b_o.jpg
443,
444,https://live.staticflickr.com/7225/6862788540_960dda0588_o.jpg
445,https://live.staticflickr.com/7574/15699851958_9227bb5bb4_o.jpg
446,https://live.staticflickr.com/4275/34107918614_7aa7e20c91_o.jpg
447,https://live.staticflickr.com/2526/3721619299_f8174960fd_o.jpg
448,https://live.staticflickr.com/1151/618344185_77560e1848_o.jpg
449,https://live.staticflickr.com/3524/3721619017_184df160e2_o.jpg
450,
451,
452,
453,https://live.staticflickr.com/8860/17768027036_5bb7055926_o.jpg
454,
455,
456,
457,
458,
459,
460,https://live.staticflickr.com/3721/8755982028_d0fc0da987_o.jpg
461,https://live.staticflickr.com/2826/33696787111_30c2b9ef05_o.jpg
462,https://live.staticflickr.com/2586/3721618869_199ecef638_o.jpg
463,https://live.staticflickr.com/2582/3722431126_74e659f88f_o.jpg
464,https://live.staticflickr.com/2538/3721618753_d755c15cc0_o.jpg
465,https://live.staticflickr.com/2648/3722435048_947f1edab7_o.jpg
466,https://live.staticflickr.com/2486/3722435522_e1714e22a8_o.jpg
467,https://live.staticflickr.com/8521/8472859651_1713a6f02f_o.jpg
468,https://live.staticflickr.com/2819/34104146476_c3cabee78f_o.jpg
469,
470,
471,
472,https://live.staticflickr.com/1781/29511890078_ef2695356b_o.jpg
473,https://live.staticflickr.com/3476/3721618513_d0761e9617_o.jpg
474,
475,
476,https://live.staticflickr.com/2707/32098043224_6587230dd7_o.jpg
477,https://live.staticflickr.com/4016/4485760373_2770cdce1b_o.jpg
478,
479,https://live.staticflickr.com/5660/21171796540_9814ed4461_o.jpg
480,https://live.staticflickr.com/409/19588456985_fe2d648e45_o.jpg
481,https://live.staticflickr.com/8666/28407965470_00b7f8c670_o.jpg
482,https://live.staticflickr.com/8199/29710619572_d312773f86_o.jpg
483,
484,https://live.staticflickr.com/4788/40621483641_a44811674f_o.jpg
485,
486,
487,https://live.staticflickr.com/7319/13261259894_796b2333ee_o.jpg
488,https://live.staticflickr.com/8682/28075190724_2963bf11a5_o.jpg
489,https://live.staticflickr.com/3456/3721623325_648532384a_o.jpg
490,
491,
492,
493,
494,https://live.staticflickr.com/65535/48362635847_0ff4f895db_o.jpg
495,
496,https://live.staticflickr.com/2934/14583996479_beb2de5ac6_o.jpg
497,
498,https://live.staticflickr.com/3123/2419679713_b1d7302bce_o.jpg
499,https://live.staticflickr.com/65535/48402581747_bbae3c5a44_o.jpg
