0,
1,
2,
3,
4,https://live.staticflickr.com/2231/1532944399_23699daea5_o.jpg
5,
6,https://live.staticflickr.com/8016/7618595804_de51ae355e_o.jpg
7,https://live.staticflickr.com/3139/3117087854_1cda7a029b_o.jpg
8,https://live.staticflickr.com/7423/8871904936_0c26512dfe_o.png
9,
10,https://live.staticflickr.com/2771/4428219168_ddf8f7ccd2_o.jpg
11,https://live.staticflickr.com/8251/8664877175_852069863d_o.jpg
12,https://live.staticflickr.com/8240/8665996514_c7d8a61b6b_o.jpg
13,https://live.staticflickr.com/4009/4427439955_5997c8f962_o.jpg
14,https://live.staticflickr.com/8251/8664578616_58d5b7013b_o.jpg
15,https://live.staticflickr.com/2719/4428225828_2e49c19e01_o.jpg
16,https://live.staticflickr.com/8246/8664881961_4e10483dc2_o.jpg
17,https://live.staticflickr.com/7367/8724351566_7cd4412f79_o.jpg
18,https://live.staticflickr.com/3721/8881600778_4a7a9e2723_o.jpg
19,https://live.staticflickr.com/8264/8663530849_d35ee7f77e_o.jpg
20,https://live.staticflickr.com/8261/8663470801_41d563cb79_o.jpg
21,https://live.staticflickr.com/8248/8663517429_a0d5d7fa3e_o.jpg
22,https://live.staticflickr.com/8264/8663526903_6481b76913_o.jpg
23,https://live.staticflickr.com/8253/8665990034_f720066b50_o.jpg
24,https://live.staticflickr.com/7421/8880857335_172d035c43_o.jpg
25,https://live.staticflickr.com/8264/8663523081_f48e030539_o.jpg
26,
27,https://live.staticflickr.com/2850/8880935365_746213db5b_o.jpg
28,https://live.staticflickr.com/8251/8664886473_55b8b847e2_o.jpg
29,https://live.staticflickr.com/2879/8881575754_433509dc95_o.jpg
30,https://live.staticflickr.com/7170/6455515485_6b76ef48d4_o.jpg
31,https://live.staticflickr.com/2879/8880881059_f0a930b7cd_o.jpg
32,https://live.staticflickr.com/8262/8663448223_20c845c8f2_o.jpg
33,https://live.staticflickr.com/7377/8880915825_280f5126f1_o.jpg
34,https://live.staticflickr.com/3785/8880900121_b4a36f6cec_o.jpg
35,https://live.staticflickr.com/7317/8871269401_babbf2f6e3_o.png
36,https://live.staticflickr.com/3182/2902766361_bc8b390f90_o.jpg
